section                        , k                        , 1           , 2           , 5           , index           , top_1       , top_2       , top_3     , top_4      , top_5   , Window 2  , Window 5  , Window 10 , Embedding dimension,       50                  ,      100                    ,       300                  , Dimension, Rank, Top-5 word, Similarity         , dimension, word     , expected, predicted, medical_score      , sports_score       , correct, evaluated, accuracy, word_pair       , rank, similarity         , queen_rank
experiment_1                   , Vocabulary size          , 116         , 116         , 116         ,                 ,             ,             ,           ,            ,         ,           ,           ,           ,                    ,                           ,                             ,                            ,          ,     ,           ,                    ,          ,          ,         ,          ,                    ,                    ,        ,          ,         ,                 ,     ,                    ,         
experiment_1                   , Matrix size              , "(116, 116)", "(116, 116)", "(116, 116)",                 ,             ,             ,           ,            ,         ,           ,           ,           ,                    ,                           ,                             ,                            ,          ,     ,           ,                    ,          ,          ,         ,          ,                    ,                    ,        ,          ,         ,                 ,     ,                    ,         
experiment_1                   , Number of non-zero values, 286         , 562         , 1256        ,                 ,             ,             ,           ,            ,         ,           ,           ,           ,                    ,                           ,                             ,                            ,          ,     ,           ,                    ,          ,          ,         ,          ,                    ,                    ,        ,          ,         ,                 ,     ,                    ,         
experiment_1                   , Sparsity (%)             , 97.87       , 95.82       , 90.67       ,                 ,             ,             ,           ,            ,         ,           ,           ,           ,                    ,                           ,                             ,                            ,          ,     ,           ,                    ,          ,          ,         ,          ,                    ,                    ,        ,          ,         ,                 ,     ,                    ,         
experiment_2_top_5_similar_word,                          ,             ,             ,             , doctor          , dentist     , veterinarian, physician , therapist  , surgeon ,           ,           ,           ,                    ,                           ,                             ,                            ,          ,     ,           ,                    ,          ,          ,         ,          ,                    ,                    ,        ,          ,         ,                 ,     ,                    ,         
experiment_2_top_5_similar_word,                          ,             ,             ,             , hospital        , clinic      , clinics     , hospitals , daycare    , hospice ,           ,           ,           ,                    ,                           ,                             ,                            ,          ,     ,           ,                    ,          ,          ,         ,          ,                    ,                    ,        ,          ,         ,                 ,     ,                    ,         
experiment_2_top_5_similar_word,                          ,             ,             ,             , patient         , patients    , physician   , client    , diagnosis  , child   ,           ,           ,           ,                    ,                           ,                             ,                            ,          ,     ,           ,                    ,          ,          ,         ,          ,                    ,                    ,        ,          ,         ,                 ,     ,                    ,         
experiment_2_top_5_similar_word,                          ,             ,             ,             , disease         , diseases    , infection   , chronic   , obesity    , diabetes,           ,           ,           ,                    ,                           ,                             ,                            ,          ,     ,           ,                    ,          ,          ,         ,          ,                    ,                    ,        ,          ,         ,                 ,     ,                    ,         
experiment_2_top_5_similar_word,                          ,             ,             ,             , computer        , desktop     , device      , laptop    , computers  , server  ,           ,           ,           ,                    ,                           ,                             ,                            ,          ,     ,           ,                    ,          ,          ,         ,          ,                    ,                    ,        ,          ,         ,                 ,     ,                    ,         
experiment_2_top_5_similar_word,                          ,             ,             ,             , football        , baseball    , soccer      , basketball, replica    , nhl     ,           ,           ,           ,                    ,                           ,                             ,                            ,          ,     ,           ,                    ,          ,          ,         ,          ,                    ,                    ,        ,          ,         ,                 ,     ,                    ,         
experiment_2_top_5_similar_word,                          ,             ,             ,             , banana          , strawberries, molasses    , cheddar   , caramelized, chutney ,           ,           ,           ,                    ,                           ,                             ,                            ,          ,     ,           ,                    ,          ,          ,         ,          ,                    ,                    ,        ,          ,         ,                 ,     ,                    ,         
experiment_3_context_window    ,                          ,             ,             ,             , doctor-physician,             ,             ,           ,            ,         , 0.79024774, 0.7824835 , 0.778612  ,                    ,                           ,                             ,                            ,          ,     ,           ,                    ,          ,          ,         ,          ,                    ,                    ,        ,          ,         ,                 ,     ,                    ,         
experiment_3_context_window    ,                          ,             ,             ,             , doctor-hospital ,             ,             ,           ,            ,         , 0.48145223, 0.48078787, 0.47643587,                    ,                           ,                             ,                            ,          ,     ,           ,                    ,          ,          ,         ,          ,                    ,                    ,        ,          ,         ,                 ,     ,                    ,         
experiment_3_context_window    ,                          ,             ,             ,             , cat-dog         ,             ,             ,           ,            ,         , 0.708909  , 0.79006416, 0.7724633 ,                    ,                           ,                             ,                            ,          ,     ,           ,                    ,          ,          ,         ,          ,                    ,                    ,        ,          ,         ,                 ,     ,                    ,         
experiment_4_cost              ,                          ,             ,             ,             ,                 ,             ,             ,           ,            ,         ,           ,           ,           , Training time      ,     2346.0957713000244    ,     1770.141108599957       ,      2084.5091009000316    ,          ,     ,           ,                    ,          ,          ,         ,          ,                    ,                    ,        ,          ,         ,                 ,     ,                    ,         
experiment_4_cost              ,                          ,             ,             ,             ,                 ,             ,             ,           ,            ,         ,           ,           ,           , Model size         , 21785000.0                , 43570000.0                  , 130710000.0                ,          ,     ,           ,                    ,          ,          ,         ,          ,                    ,                    ,        ,          ,         ,                 ,     ,                    ,         
experiment_4_similarity        ,                          ,             ,             ,             ,                 ,             ,             ,           ,            ,         ,           ,           ,           , doctor-physician   ,        0.8252146244049072 ,        0.7310521602630615   ,         0.5730558037757874 ,          ,     ,           ,                    ,          ,          ,         ,          ,                    ,                    ,        ,          ,         ,                 ,     ,                    ,         
experiment_4_similarity        ,                          ,             ,             ,             ,                 ,             ,             ,           ,            ,         ,           ,           ,           , doctor-hospital    ,        0.6232907772064209 ,        0.563873291015625    ,         0.3872118890285492 ,          ,     ,           ,                    ,          ,          ,         ,          ,                    ,                    ,        ,          ,         ,                 ,     ,                    ,         
experiment_4_similarity        ,                          ,             ,             ,             ,                 ,             ,             ,           ,            ,         ,           ,           ,           , cat-dog            ,        0.8600761890411377 ,        0.7805331349372864   ,         0.5364281535148621 ,          ,     ,           ,                    ,          ,          ,         ,          ,                    ,                    ,        ,          ,         ,                 ,     ,                    ,         
experiment_4_analogy           ,                          ,             ,             ,             , 0               ,             ,             ,           ,            ,         ,           ,           ,           ,                    ,                           ,                             ,                            ,      50.0,  1.0, queen     , 0.8882572054862976 ,          ,          ,         ,          ,                    ,                    ,        ,          ,         ,                 ,     ,                    ,         
experiment_4_analogy           ,                          ,             ,             ,             , 1               ,             ,             ,           ,            ,         ,           ,           ,           ,                    ,                           ,                             ,                            ,      50.0,  2.0, victoria  , 0.714007556438446  ,          ,          ,         ,          ,                    ,                    ,        ,          ,         ,                 ,     ,                    ,         
experiment_4_analogy           ,                          ,             ,             ,             , 2               ,             ,             ,           ,            ,         ,           ,           ,           ,                    ,                           ,                             ,                            ,      50.0,  3.0, prince    , 0.7124267220497131 ,          ,          ,         ,          ,                    ,                    ,        ,          ,         ,                 ,     ,                    ,         
experiment_4_analogy           ,                          ,             ,             ,             , 3               ,             ,             ,           ,            ,         ,           ,           ,           ,                    ,                           ,                             ,                            ,      50.0,  4.0, albert    , 0.706699013710022  ,          ,          ,         ,          ,                    ,                    ,        ,          ,         ,                 ,     ,                    ,         
experiment_4_analogy           ,                          ,             ,             ,             , 4               ,             ,             ,           ,            ,         ,           ,           ,           ,                    ,                           ,                             ,                            ,      50.0,  5.0, royal     , 0.7056249380111694 ,          ,          ,         ,          ,                    ,                    ,        ,          ,         ,                 ,     ,                    ,         
experiment_4_analogy           ,                          ,             ,             ,             , 5               ,             ,             ,           ,            ,         ,           ,           ,           ,                    ,                           ,                             ,                            ,     100.0,  1.0, queen     , 0.7803446054458618 ,          ,          ,         ,          ,                    ,                    ,        ,          ,         ,                 ,     ,                    ,         
experiment_4_analogy           ,                          ,             ,             ,             , 6               ,             ,             ,           ,            ,         ,           ,           ,           ,                    ,                           ,                             ,                            ,     100.0,  2.0, queen's   , 0.5608409643173218 ,          ,          ,         ,          ,                    ,                    ,        ,          ,         ,                 ,     ,                    ,         
experiment_4_analogy           ,                          ,             ,             ,             , 7               ,             ,             ,           ,            ,         ,           ,           ,           ,                    ,                           ,                             ,                            ,     100.0,  3.0, duke      , 0.5496783256530762 ,          ,          ,         ,          ,                    ,                    ,        ,          ,         ,                 ,     ,                    ,         
experiment_4_analogy           ,                          ,             ,             ,             , 8               ,             ,             ,           ,            ,         ,           ,           ,           ,                    ,                           ,                             ,                            ,     100.0,  4.0, duchess   , 0.5371116399765015 ,          ,          ,         ,          ,                    ,                    ,        ,          ,         ,                 ,     ,                    ,         
experiment_4_analogy           ,                          ,             ,             ,             , 9               ,             ,             ,           ,            ,         ,           ,           ,           ,                    ,                           ,                             ,                            ,     100.0,  5.0, lila      , 0.5321882963180542 ,          ,          ,         ,          ,                    ,                    ,        ,          ,         ,                 ,     ,                    ,         
experiment_4_analogy           ,                          ,             ,             ,             , 10              ,             ,             ,           ,            ,         ,           ,           ,           ,                    ,                           ,                             ,                            ,     300.0,  1.0, queen     , 0.47850295901298523,          ,          ,         ,          ,                    ,                    ,        ,          ,         ,                 ,     ,                    ,         
experiment_4_analogy           ,                          ,             ,             ,             , 11              ,             ,             ,           ,            ,         ,           ,           ,           ,                    ,                           ,                             ,                            ,     300.0,  2.0, ahasuerus , 0.35292574763298035,          ,          ,         ,          ,                    ,                    ,        ,          ,         ,                 ,     ,                    ,         
experiment_4_analogy           ,                          ,             ,             ,             , 12              ,             ,             ,           ,            ,         ,           ,           ,           ,                    ,                           ,                             ,                            ,     300.0,  3.0, princess  , 0.34253188967704773,          ,          ,         ,          ,                    ,                    ,        ,          ,         ,                 ,     ,                    ,         
experiment_4_analogy           ,                          ,             ,             ,             , 13              ,             ,             ,           ,            ,         ,           ,           ,           ,                    ,                           ,                             ,                            ,     300.0,  4.0, kalakaua  , 0.3407992124557495 ,          ,          ,         ,          ,                    ,                    ,        ,          ,         ,                 ,     ,                    ,         
experiment_4_analogy           ,                          ,             ,             ,             , 14              ,             ,             ,           ,            ,         ,           ,           ,           ,                    ,                           ,                             ,                            ,     300.0,  5.0, lila      , 0.33952441811561584,          ,          ,         ,          ,                    ,                    ,        ,          ,         ,                 ,     ,                    ,         
experiment_4_downstream_detail ,                          ,             ,             ,             , 0               ,             ,             ,           ,            ,         ,           ,           ,           ,                    ,                           ,                             ,                            ,          ,     ,           ,                    ,      50.0, physician, medical , medical  , 0.8271071910858154 , 0.309381902217865  , True   ,          ,         ,                 ,     ,                    ,         
experiment_4_downstream_detail ,                          ,             ,             ,             , 1               ,             ,             ,           ,            ,         ,           ,           ,           ,                    ,                           ,                             ,                            ,          ,     ,           ,                    ,      50.0, clinic   , medical , medical  , 0.8102264404296875 , 0.38489091396331787, True   ,          ,         ,                 ,     ,                    ,         
experiment_4_downstream_detail ,                          ,             ,             ,             , 2               ,             ,             ,           ,            ,         ,           ,           ,           ,                    ,                           ,                             ,                            ,          ,     ,           ,                    ,      50.0, infection, medical , medical  , 0.7703172564506531 , 0.19561904668807983, True   ,          ,         ,                 ,     ,                    ,         
experiment_4_downstream_detail ,                          ,             ,             ,             , 3               ,             ,             ,           ,            ,         ,           ,           ,           ,                    ,                           ,                             ,                            ,          ,     ,           ,                    ,      50.0, soccer   , sports  , sports   , 0.27625569701194763, 0.8868890404701233 , True   ,          ,         ,                 ,     ,                    ,         
experiment_4_downstream_detail ,                          ,             ,             ,             , 4               ,             ,             ,           ,            ,         ,           ,           ,           ,                    ,                           ,                             ,                            ,          ,     ,           ,                    ,      50.0, nba      , sports  , sports   , 0.23865608870983124, 0.7988408207893372 , True   ,          ,         ,                 ,     ,                    ,         
experiment_4_downstream_detail ,                          ,             ,             ,             , 5               ,             ,             ,           ,            ,         ,           ,           ,           ,                    ,                           ,                             ,                            ,          ,     ,           ,                    ,     100.0, physician, medical , medical  , 0.741741418838501  , 0.2588973045349121 , True   ,          ,         ,                 ,     ,                    ,         
experiment_4_downstream_detail ,                          ,             ,             ,             , 6               ,             ,             ,           ,            ,         ,           ,           ,           ,                    ,                           ,                             ,                            ,          ,     ,           ,                    ,     100.0, clinic   , medical , medical  , 0.7592647671699524 , 0.31894078850746155, True   ,          ,         ,                 ,     ,                    ,         
experiment_4_downstream_detail ,                          ,             ,             ,             , 7               ,             ,             ,           ,            ,         ,           ,           ,           ,                    ,                           ,                             ,                            ,          ,     ,           ,                    ,     100.0, infection, medical , medical  , 0.6597326993942261 , 0.16826143860816956, True   ,          ,         ,                 ,     ,                    ,         
experiment_4_downstream_detail ,                          ,             ,             ,             , 8               ,             ,             ,           ,            ,         ,           ,           ,           ,                    ,                           ,                             ,                            ,          ,     ,           ,                    ,     100.0, soccer   , sports  , sports   , 0.25514525175094604, 0.8082960844039917 , True   ,          ,         ,                 ,     ,                    ,         
experiment_4_downstream_detail ,                          ,             ,             ,             , 9               ,             ,             ,           ,            ,         ,           ,           ,           ,                    ,                           ,                             ,                            ,          ,     ,           ,                    ,     100.0, nba      , sports  , sports   , 0.2579221725463867 , 0.7237244248390198 , True   ,          ,         ,                 ,     ,                    ,         
experiment_4_downstream_detail ,                          ,             ,             ,             , 10              ,             ,             ,           ,            ,         ,           ,           ,           ,                    ,                           ,                             ,                            ,          ,     ,           ,                    ,     300.0, physician, medical , medical  , 0.6056568622589111 , 0.20683510601520538, True   ,          ,         ,                 ,     ,                    ,         
experiment_4_downstream_detail ,                          ,             ,             ,             , 11              ,             ,             ,           ,            ,         ,           ,           ,           ,                    ,                           ,                             ,                            ,          ,     ,           ,                    ,     300.0, clinic   , medical , medical  , 0.5697796940803528 , 0.2154819220304489 , True   ,          ,         ,                 ,     ,                    ,         
experiment_4_downstream_detail ,                          ,             ,             ,             , 12              ,             ,             ,           ,            ,         ,           ,           ,           ,                    ,                           ,                             ,                            ,          ,     ,           ,                    ,     300.0, infection, medical , medical  , 0.5449453592300415 , 0.09667747467756271, True   ,          ,         ,                 ,     ,                    ,         
experiment_4_downstream_detail ,                          ,             ,             ,             , 13              ,             ,             ,           ,            ,         ,           ,           ,           ,                    ,                           ,                             ,                            ,          ,     ,           ,                    ,     300.0, soccer   , sports  , sports   , 0.23841792345046997, 0.658447265625     , True   ,          ,         ,                 ,     ,                    ,         
experiment_4_downstream_detail ,                          ,             ,             ,             , 14              ,             ,             ,           ,            ,         ,           ,           ,           ,                    ,                           ,                             ,                            ,          ,     ,           ,                    ,     300.0, nba      , sports  , sports   , 0.1808299571275711 , 0.6139630079269409 , True   ,          ,         ,                 ,     ,                    ,         
experiment_4_downstream_summary,                          ,             ,             ,             ,                 ,             ,             ,           ,            ,         ,           ,           ,           ,                    ,                           ,                             ,                            ,          ,     ,           ,                    ,      50.0,          ,         ,          ,                    ,                    , 5      ,       5.0,      1.0,                 ,     ,                    ,         
experiment_4_downstream_summary,                          ,             ,             ,             ,                 ,             ,             ,           ,            ,         ,           ,           ,           ,                    ,                           ,                             ,                            ,          ,     ,           ,                    ,     100.0,          ,         ,          ,                    ,                    , 5      ,       5.0,      1.0,                 ,     ,                    ,         
experiment_4_downstream_summary,                          ,             ,             ,             ,                 ,             ,             ,           ,            ,         ,           ,           ,           ,                    ,                           ,                             ,                            ,          ,     ,           ,                    ,     300.0,          ,         ,          ,                    ,                    , 5      ,       5.0,      1.0,                 ,     ,                    ,         
evaluation_word_similarity     ,                          ,             ,             ,             ,                 ,             ,             ,           ,            ,         ,           ,           ,           ,                    ,        0.8252146244049072 ,        0.7310521602630615   ,         0.5730558037757874 ,          ,     ,           ,                    ,          ,          ,         ,          ,                    ,                    ,        ,          ,         , doctor-physician,     ,                    ,         
evaluation_word_similarity     ,                          ,             ,             ,             ,                 ,             ,             ,           ,            ,         ,           ,           ,           ,                    ,        0.8243504762649536 ,        0.7340052723884583   ,         0.5323371887207031 ,          ,     ,           ,                    ,          ,          ,         ,          ,                    ,                    ,        ,          ,         , car-automobile  ,     ,                    ,         
evaluation_word_similarity     ,                          ,             ,             ,             ,                 ,             ,             ,           ,            ,         ,           ,           ,           ,                    ,        0.8946110010147095 ,        0.7792071104049683   ,         0.48266538977622986,          ,     ,           ,                    ,          ,          ,         ,          ,                    ,                    ,        ,          ,         , king-queen      ,     ,                    ,         
evaluation_word_similarity     ,                          ,             ,             ,             ,                 ,             ,             ,           ,            ,         ,           ,           ,           ,                    ,        0.8600761890411377 ,        0.7805331349372864   ,         0.5364281535148621 ,          ,     ,           ,                    ,          ,          ,         ,          ,                    ,                    ,        ,          ,         , cat-dog         ,     ,                    ,         
evaluation_word_similarity     ,                          ,             ,             ,             ,                 ,             ,             ,           ,            ,         ,           ,           ,           ,                    ,        0.02113395370543003,        0.0050282725133001804,         0.07805454730987549,          ,     ,           ,                    ,          ,          ,         ,          ,                    ,                    ,        ,          ,         , computer-banana ,     ,                    ,         
evaluation_word_analogy        ,                          ,             ,             ,             , 0               ,             ,             ,           ,            ,         ,           ,           ,           ,                    ,                           ,                             ,                            ,          ,     ,           ,                    ,      50.0, queen    ,         ,          ,                    ,                    ,        ,          ,         ,                 ,  1.0, 0.8882572054862976 ,        1.0
evaluation_word_analogy        ,                          ,             ,             ,             , 1               ,             ,             ,           ,            ,         ,           ,           ,           ,                    ,                           ,                             ,                            ,          ,     ,           ,                    ,      50.0, victoria ,         ,          ,                    ,                    ,        ,          ,         ,                 ,  2.0, 0.714007556438446  ,        1.0
evaluation_word_analogy        ,                          ,             ,             ,             , 2               ,             ,             ,           ,            ,         ,           ,           ,           ,                    ,                           ,                             ,                            ,          ,     ,           ,                    ,      50.0, prince   ,         ,          ,                    ,                    ,        ,          ,         ,                 ,  3.0, 0.7124267220497131 ,        1.0
evaluation_word_analogy        ,                          ,             ,             ,             , 3               ,             ,             ,           ,            ,         ,           ,           ,           ,                    ,                           ,                             ,                            ,          ,     ,           ,                    ,      50.0, albert   ,         ,          ,                    ,                    ,        ,          ,         ,                 ,  4.0, 0.706699013710022  ,        1.0
evaluation_word_analogy        ,                          ,             ,             ,             , 4               ,             ,             ,           ,            ,         ,           ,           ,           ,                    ,                           ,                             ,                            ,          ,     ,           ,                    ,      50.0, royal    ,         ,          ,                    ,                    ,        ,          ,         ,                 ,  5.0, 0.7056249380111694 ,        1.0
evaluation_word_analogy        ,                          ,             ,             ,             , 5               ,             ,             ,           ,            ,         ,           ,           ,           ,                    ,                           ,                             ,                            ,          ,     ,           ,                    ,     100.0, queen    ,         ,          ,                    ,                    ,        ,          ,         ,                 ,  1.0, 0.7803446054458618 ,        1.0
evaluation_word_analogy        ,                          ,             ,             ,             , 6               ,             ,             ,           ,            ,         ,           ,           ,           ,                    ,                           ,                             ,                            ,          ,     ,           ,                    ,     100.0, queen's  ,         ,          ,                    ,                    ,        ,          ,         ,                 ,  2.0, 0.5608409643173218 ,        1.0
evaluation_word_analogy        ,                          ,             ,             ,             , 7               ,             ,             ,           ,            ,         ,           ,           ,           ,                    ,                           ,                             ,                            ,          ,     ,           ,                    ,     100.0, duke     ,         ,          ,                    ,                    ,        ,          ,         ,                 ,  3.0, 0.5496783256530762 ,        1.0
evaluation_word_analogy        ,                          ,             ,             ,             , 8               ,             ,             ,           ,            ,         ,           ,           ,           ,                    ,                           ,                             ,                            ,          ,     ,           ,                    ,     100.0, duchess  ,         ,          ,                    ,                    ,        ,          ,         ,                 ,  4.0, 0.5371116399765015 ,        1.0
evaluation_word_analogy        ,                          ,             ,             ,             , 9               ,             ,             ,           ,            ,         ,           ,           ,           ,                    ,                           ,                             ,                            ,          ,     ,           ,                    ,     100.0, lila     ,         ,          ,                    ,                    ,        ,          ,         ,                 ,  5.0, 0.5321882963180542 ,        1.0
evaluation_word_analogy        ,                          ,             ,             ,             , 10              ,             ,             ,           ,            ,         ,           ,           ,           ,                    ,                           ,                             ,                            ,          ,     ,           ,                    ,     300.0, queen    ,         ,          ,                    ,                    ,        ,          ,         ,                 ,  1.0, 0.47850295901298523,        1.0
evaluation_word_analogy        ,                          ,             ,             ,             , 11              ,             ,             ,           ,            ,         ,           ,           ,           ,                    ,                           ,                             ,                            ,          ,     ,           ,                    ,     300.0, ahasuerus,         ,          ,                    ,                    ,        ,          ,         ,                 ,  2.0, 0.35292574763298035,        1.0
evaluation_word_analogy        ,                          ,             ,             ,             , 12              ,             ,             ,           ,            ,         ,           ,           ,           ,                    ,                           ,                             ,                            ,          ,     ,           ,                    ,     300.0, princess ,         ,          ,                    ,                    ,        ,          ,         ,                 ,  3.0, 0.34253188967704773,        1.0
evaluation_word_analogy        ,                          ,             ,             ,             , 13              ,             ,             ,           ,            ,         ,           ,           ,           ,                    ,                           ,                             ,                            ,          ,     ,           ,                    ,     300.0, kalakaua ,         ,          ,                    ,                    ,        ,          ,         ,                 ,  4.0, 0.3407992124557495 ,        1.0
evaluation_word_analogy        ,                          ,             ,             ,             , 14              ,             ,             ,           ,            ,         ,           ,           ,           ,                    ,                           ,                             ,                            ,          ,     ,           ,                    ,     300.0, lila     ,         ,          ,                    ,                    ,        ,          ,         ,                 ,  5.0, 0.33952441811561584,        1.0
